action,count,hit_rate,accuracy
Sources,970,786,0.8103092783505155
Filters,683,107,0.15666178623718888
Sorts,438,120,0.273972602739726
Joins,186,0,0.0
Id,1,0,0.0
