action,count,hit_rate,accuracy
Sources,970,531,0.5474226804123712
Filters,683,36,0.0527086383601757
Sorts,438,77,0.17579908675799086
Joins,186,0,0.0
Id,1,0,0.0
