action,count,hit_rate,accuracy
Sources,970,480,0.4948453608247423
Filters,683,71,0.10395314787701318
Sorts,438,28,0.0639269406392694
Joins,186,0,0.0
Id,1,0,0.0
